scenario_id,as_of_datetime,last_change_datetime,current_daily_budget_sgd,window_days,metric_definition_version,event_status,unresolved_data_quality_issue,purchases,spend_sgd,revenue_sgd,cpa_sgd,roas,impressions,negative_feedback,negative_feedback_rate_pct,tracking_error,privacy_concern,unsupported_claim,negative_margin_context,capacity_available_boxes,forecast_incremental_boxes,approver_available,notes
SC01,2026-08-03T09:00:00+08:00,2026-07-30T09:00:00+08:00,40,7,v1,healthy,no,32,400,896,12.50,2.24,12000,2,0.0167,no,no,no,no,20,8,yes,"Healthy synthetic result with operating headroom."
SC02,2026-08-03T09:00:00+08:00,2026-07-30T09:00:00+08:00,40,7,v1,degraded,yes,40,420,1120,10.50,2.67,13000,2,0.0154,yes,no,no,no,20,10,yes,"Purchase event duplication is suspected."
SC03,2026-08-03T09:00:00+08:00,2026-07-30T09:00:00+08:00,40,7,v1,healthy,no,35,410,980,11.71,2.39,10000,4,0.0400,no,no,no,no,20,9,yes,"Negative feedback rate exceeds the practice threshold."
SC04,2026-08-03T09:00:00+08:00,2026-07-30T09:00:00+08:00,40,7,v1,healthy,no,30,390,840,13.00,2.15,11500,2,0.0174,no,no,no,no,5,9,yes,"Forecast demand exceeds remaining fulfilment capacity."
SC05,2026-08-03T09:00:00+08:00,2026-07-30T09:00:00+08:00,40,7,v1,healthy,no,6,90,168,15.00,1.87,3000,0,0.0000,no,no,no,no,30,4,yes,"Event volume is below the minimum evidence condition."
SC06,2026-08-03T09:00:00+08:00,2026-08-02T09:00:00+08:00,40,7,v1,healthy,no,28,370,784,13.21,2.12,11000,2,0.0182,no,no,no,no,20,7,yes,"A material change occurred only 24 hours ago."
SC07,2026-08-03T09:00:00+08:00,2026-07-30T09:00:00+08:00,40,7,v1,healthy,no,31,395,868,12.74,2.20,11800,1,0.0085,no,no,no,no,20,8,no,"The named marketing owner is unavailable."
SC08,2026-08-03T09:00:00+08:00,2026-07-30T09:00:00+08:00,40,7,v1,healthy,no,38,415,1064,10.92,2.56,12500,2,0.0160,no,no,yes,no,20,10,yes,"One winning ad contains an unapproved popularity claim."
SC09,2026-08-03T09:00:00+08:00,2026-07-30T09:00:00+08:00,40,7,v1,healthy,no,34,405,952,11.91,2.35,12100,2,0.0165,no,no,no,yes,20,8,yes,"Margin review shows the offer is not profitable at the current economics."
